{
  "hash": "6ef4bf6cd22359bc5726075078852f90dfeedcd5f38b35d92c1a272d3a7dd606",
  "result": {
    "params": {
      "max_samples": "auto",
      "n_estimators": 300,
      "random_state": 42
    },
    "tau": 0.32112539213383784,
    "cost": 88.03884324292487
  },
  "time_seconds": 1.8113596260081977,
  "params": {
    "max_samples": "auto",
    "n_estimators": 300,
    "random_state": 42
  }
}