{
  "hash": "81f86ea8d7d4de74f754f01caa18bae4a9ef926271cdf05a625d3d97796307d3",
  "result": {
    "params": {
      "max_samples": "auto",
      "n_estimators": 100,
      "random_state": 42
    },
    "tau": 0.31764679212279623,
    "cost": 92.28915981977205
  },
  "time_seconds": 0.6079100327333435,
  "params": {
    "max_samples": "auto",
    "n_estimators": 100,
    "random_state": 42
  }
}