{
  "hash": "9ed41cd5681b368e09f26321e289d55cd75e47e8f9bb2e44ae1c46d2b3b50046",
  "result": {
    "params": {
      "max_samples": 0.75,
      "n_estimators": 100,
      "random_state": 42
    },
    "tau": 0.3348555401837496,
    "cost": 76.1834084283064
  },
  "time_seconds": 10.542547152144834,
  "params": {
    "max_samples": 0.75,
    "n_estimators": 100,
    "random_state": 42
  }
}