{
  "hash": "ac51c8f402909af096e2fab039d6a34b4b9dc9fc3a521664ea98f3c10d6781cb",
  "result": {
    "params": {
      "max_samples": 0.75,
      "n_estimators": 50,
      "random_state": 42
    },
    "tau": 0.3303646496563286,
    "cost": 82.6424595812351
  },
  "time_seconds": 5.334035524982028,
  "params": {
    "max_samples": 0.75,
    "n_estimators": 50,
    "random_state": 42
  }
}