{
  "calibrated_tau": 1.2767530573738948,
  "calibration_cost": 34.01389489184428
}