{
  "hash": "20f63dbc7280cee80a53e5222d632f90ea0d27fded3258cc067694bb450b8cb8",
  "result": {
    "params": {
      "batch_size": 64,
      "lstm_units": 64,
      "n_layers": 2,
      "random_state": 42,
      "window_size": 24
    },
    "tau": 0.025970107316970744,
    "cost": 1.7551183804186206
  },
  "time_seconds": 1390.7300486808526,
  "params": {
    "batch_size": 64,
    "lstm_units": 64,
    "n_layers": 2,
    "random_state": 42,
    "window_size": 24
  }
}