{
  "hash": "3ec7ee6163c3a4629c21efb037d4dd83dece8724b18fd2afea9b5b27f36fa531",
  "result": {
    "params": {
      "batch_size": 64,
      "lstm_units": 32,
      "n_layers": 2,
      "random_state": 42,
      "window_size": 24
    },
    "tau": 0.0219025369733572,
    "cost": 1.8701151397308324
  },
  "time_seconds": 2261.7364559109556,
  "params": {
    "batch_size": 64,
    "lstm_units": 32,
    "n_layers": 2,
    "random_state": 42,
    "window_size": 24
  }
}