{
  "hash": "4472f595c7bd7b2bf919650d2a9babac18c0fafc4b4e4fcebff3f512709f50f5",
  "result": {
    "params": {
      "batch_size": 64,
      "lstm_units": 16,
      "n_layers": 1,
      "random_state": 42,
      "window_size": 48
    },
    "tau": 0.02252457924187184,
    "cost": 2.1554386366235847
  },
  "time_seconds": 658.3886455688626,
  "params": {
    "batch_size": 64,
    "lstm_units": 16,
    "n_layers": 1,
    "random_state": 42,
    "window_size": 48
  }
}