{
  "hash": "6e9f5800e838e86b7a2d89107cbfc92c5972c7ea9c5770061526d0509e76a831",
  "result": {
    "params": {
      "batch_size": 64,
      "lstm_units": 128,
      "n_layers": 2,
      "random_state": 42,
      "window_size": 24
    },
    "tau": 0.025564992427826005,
    "cost": 1.5231709176865302
  },
  "time_seconds": 2753.5452577772085,
  "params": {
    "batch_size": 64,
    "lstm_units": 128,
    "n_layers": 2,
    "random_state": 42,
    "window_size": 24
  }
}