{
  "hash": "8b5e627bea65a268b8038d3ef4c2c3435a5090abb61413492b166eac9e4e6226",
  "result": {
    "params": {
      "batch_size": 64,
      "lstm_units": 16,
      "n_layers": 2,
      "random_state": 42,
      "window_size": 48
    },
    "tau": 0.02199757508933546,
    "cost": 2.02199855122193
  },
  "time_seconds": 1919.7269402320962,
  "params": {
    "batch_size": 64,
    "lstm_units": 16,
    "n_layers": 2,
    "random_state": 42,
    "window_size": 48
  }
}