{
  "hash": "d1b4269af63f65d2d3e6c0e66edeafe09bcae973dd71e2c1719ba14fa48bb850",
  "result": {
    "params": {
      "batch_size": 64,
      "lstm_units": 128,
      "n_layers": 1,
      "random_state": 42,
      "window_size": 48
    },
    "tau": 0.020319965481758122,
    "cost": 1.6915437111594038
  },
  "time_seconds": 1910.970937416947,
  "params": {
    "batch_size": 64,
    "lstm_units": 128,
    "n_layers": 1,
    "random_state": 42,
    "window_size": 48
  }
}