{
  "hash": "eacf0b5302fcf7830386d7037e9baebbd3a0d3ff2832f61e593f729cc8a37739",
  "result": {
    "params": {
      "batch_size": 32,
      "lstm_units": 32,
      "n_layers": 2,
      "random_state": 42,
      "window_size": 48
    },
    "tau": 0.017473381385207147,
    "cost": 1.7716077624003965
  },
  "time_seconds": 4576.907846528047,
  "params": {
    "batch_size": 32,
    "lstm_units": 32,
    "n_layers": 2,
    "random_state": 42,
    "window_size": 48
  }
}