{
  "hash": "4fe5c16e13f36f71df6fafa39ac5fdf468591fd4b151efba647abee80e7a70e0",
  "result": {
    "params": {
      "max_samples": 0.5,
      "n_estimators": 300,
      "random_state": 42
    },
    "tau": 0.33418957226741386,
    "cost": 86.73104079996948
  },
  "time_seconds": 24.113440031767823,
  "params": {
    "max_samples": 0.5,
    "n_estimators": 300,
    "random_state": 42
  }
}