{
  "hash": "6ef4bf6cd22359bc5726075078852f90dfeedcd5f38b35d92c1a272d3a7dd606",
  "result": {
    "params": {
      "max_samples": "auto",
      "n_estimators": 300,
      "random_state": 42
    },
    "tau": 0.3212971951907728,
    "cost": 89.49626604582522
  },
  "time_seconds": 1.6873729942599311,
  "params": {
    "max_samples": "auto",
    "n_estimators": 300,
    "random_state": 42
  }
}