{
  "hash": "81f86ea8d7d4de74f754f01caa18bae4a9ef926271cdf05a625d3d97796307d3",
  "result": {
    "params": {
      "max_samples": "auto",
      "n_estimators": 100,
      "random_state": 42
    },
    "tau": 0.3155249836051379,
    "cost": 84.45882173334202
  },
  "time_seconds": 0.5207281182520092,
  "params": {
    "max_samples": "auto",
    "n_estimators": 100,
    "random_state": 42
  }
}