{
  "best_params": {},
  "validation_tau": 2.4482345581054688,
  "validation_cost": 21.693994807971293
}