{
  "calibrated_tau": 2.0444089976224094,
  "calibration_cost": 22.18584202918325
}