{
  "calibrated_tau": 1.1513307677374944,
  "calibration_cost": 46.10556582333087
}