{
  "hash": "44136fa355b3678a1146ad16f7e8649e94fb4fc21fe77e8310c060f61caaff8a",
  "result": {
    "params": {},
    "tau": 2.425263929367066,
    "cost": 17.52167083049436
  },
  "time_seconds": 1.6389207531465217,
  "params": {}
}