{
  "hash": "4472f595c7bd7b2bf919650d2a9babac18c0fafc4b4e4fcebff3f512709f50f5",
  "result": {
    "params": {
      "batch_size": 64,
      "lstm_units": 16,
      "n_layers": 1,
      "random_state": 42,
      "window_size": 48
    },
    "tau": 0.026403262466192182,
    "cost": 4.7721134893769825
  },
  "time_seconds": 2825.997113762889,
  "params": {
    "batch_size": 64,
    "lstm_units": 16,
    "n_layers": 1,
    "random_state": 42,
    "window_size": 48
  }
}