{
  "hash": "52ccd9a52637adfae8546dae9c5aab463ba015c87f7a5bfa371ab1d945bd2da7",
  "result": {
    "params": {
      "batch_size": 32,
      "lstm_units": 16,
      "n_layers": 1,
      "random_state": 42,
      "window_size": 48
    },
    "tau": 0.025379103794693873,
    "cost": 4.9057318752668815
  },
  "time_seconds": 3765.5520194238634,
  "params": {
    "batch_size": 32,
    "lstm_units": 16,
    "n_layers": 1,
    "random_state": 42,
    "window_size": 48
  }
}