{
  "calibrated_tau": 0.05865664263233896,
  "calibration_cost": 25.950944093354778
}