{
  "calibrated_tau": 0.327857441918236,
  "calibration_cost": 39.26949653385433
}