{
  "hash": "aadc53a36894be7fb7d51ae02e216389bb3cc0d78bd79dfec22b8450478bf3d8",
  "result": {
    "params": {
      "n_neighbors": 10
    },
    "tau": 59.712578582763676,
    "cost": 97.11938829585888
  },
  "time_seconds": 1054.294611112331,
  "params": {
    "n_neighbors": 10
  }
}