{
  "calibrated_tau": 0.32274661765463475,
  "calibration_cost": 80.3732228717902
}