{
  "hash": "44136fa355b3678a1146ad16f7e8649e94fb4fc21fe77e8310c060f61caaff8a",
  "result": {
    "params": {},
    "tau": 2.4210517406463627,
    "cost": 21.010137821362314
  },
  "time_seconds": 1.0113981350004906,
  "params": {}
}