{
  "hash": "13e815f6d33591cc89f0081d318e822179e83cd067a164bd1eb1f44244f5ab17",
  "result": {
    "params": {
      "batch_size": 64,
      "lstm_units": 128,
      "n_layers": 1,
      "random_state": 42,
      "window_size": 24
    },
    "tau": 0.007069102488458156,
    "cost": 5.763568184420442
  },
  "time_seconds": 2389.4111702460214,
  "params": {
    "batch_size": 64,
    "lstm_units": 128,
    "n_layers": 1,
    "random_state": 42,
    "window_size": 24
  }
}