{
  "hash": "2c0ceda97c498dd1a03008bb8d118b35a69a0b0d575e1391586a0a2e48ee2953",
  "result": {
    "params": {
      "batch_size": 32,
      "lstm_units": 32,
      "n_layers": 1,
      "random_state": 42,
      "window_size": 48
    },
    "tau": 0.0027533945627510555,
    "cost": 5.095797870310293
  },
  "time_seconds": 2481.8322464220546,
  "params": {
    "batch_size": 32,
    "lstm_units": 32,
    "n_layers": 1,
    "random_state": 42,
    "window_size": 48
  }
}