{
  "hash": "6679556a15cf23a65e7093ad278ab35c6464f41167268017d4e270d4759e970b",
  "result": {
    "params": {
      "batch_size": 64,
      "lstm_units": 64,
      "n_layers": 1,
      "random_state": 42,
      "window_size": 48
    },
    "tau": 0.0038923744577914216,
    "cost": 4.821571695736804
  },
  "time_seconds": 1953.7107008419844,
  "params": {
    "batch_size": 64,
    "lstm_units": 64,
    "n_layers": 1,
    "random_state": 42,
    "window_size": 48
  }
}