{
  "hash": "8b5e627bea65a268b8038d3ef4c2c3435a5090abb61413492b166eac9e4e6226",
  "result": {
    "params": {
      "batch_size": 64,
      "lstm_units": 16,
      "n_layers": 2,
      "random_state": 42,
      "window_size": 48
    },
    "tau": 0.0034749756101518864,
    "cost": 5.409335521544979
  },
  "time_seconds": 3185.9758560309565,
  "params": {
    "batch_size": 64,
    "lstm_units": 16,
    "n_layers": 2,
    "random_state": 42,
    "window_size": 48
  }
}