{
  "hash": "9c843b06c334411a5117dc690412d4baac64b3effabea5a8135a214e6713befa",
  "result": {
    "params": {
      "batch_size": 32,
      "lstm_units": 64,
      "n_layers": 2,
      "random_state": 42,
      "window_size": 48
    },
    "tau": 0.010516126081347521,
    "cost": 5.728407312697988
  },
  "time_seconds": 6971.559795303023,
  "params": {
    "batch_size": 32,
    "lstm_units": 64,
    "n_layers": 2,
    "random_state": 42,
    "window_size": 48
  }
}