{
  "hash": "ead0b0b3cdd62356e9633809e174586f778232c09f886613b354de6b883754db",
  "result": {
    "params": {
      "batch_size": 32,
      "lstm_units": 32,
      "n_layers": 1,
      "random_state": 42,
      "window_size": 24
    },
    "tau": 0.0040845107287168555,
    "cost": 3.813404068547002
  },
  "time_seconds": 1008.4818315230077,
  "params": {
    "batch_size": 32,
    "lstm_units": 32,
    "n_layers": 1,
    "random_state": 42,
    "window_size": 24
  }
}