{
  "best_params": {},
  "validation_tau": 1.796745228767395,
  "validation_cost": 25.470091133356433
}