{
  "calibrated_tau": 1.4841570875861432,
  "calibration_cost": 28.683144738039616
}