{
  "calibrated_tau": -0.03894866127656134,
  "calibration_cost": 26.52704847622968
}