{
  "hash": "492a57063fb28f9efe7916a2aa24d76e55e1d559aff905de316a20b16eac64f9",
  "result": {
    "params": {
      "max_samples": 0.5,
      "n_estimators": 200,
      "random_state": 42
    },
    "tau": 0.33014205090698057,
    "cost": 76.0999204876756
  },
  "time_seconds": 19.410880121053196,
  "params": {
    "max_samples": 0.5,
    "n_estimators": 200,
    "random_state": 42
  }
}