{
  "hash": "4fe5c16e13f36f71df6fafa39ac5fdf468591fd4b151efba647abee80e7a70e0",
  "result": {
    "params": {
      "max_samples": 0.5,
      "n_estimators": 300,
      "random_state": 42
    },
    "tau": 0.3323502905946157,
    "cost": 71.58229525576466
  },
  "time_seconds": 27.53885648190044,
  "params": {
    "max_samples": 0.5,
    "n_estimators": 300,
    "random_state": 42
  }
}