{
  "hash": "6e754e4a8f53813ab13c4923ec2c20f4f2bfb0cc53c9feefeaf320a8b0f80afb",
  "result": {
    "params": {
      "max_samples": 0.5,
      "n_estimators": 50,
      "random_state": 42
    },
    "tau": 0.3266529549793618,
    "cost": 78.12350914391732
  },
  "time_seconds": 4.825812210445292,
  "params": {
    "max_samples": 0.5,
    "n_estimators": 50,
    "random_state": 42
  }
}