{
  "calibrated_tau": 0.32901620523978214,
  "calibration_cost": 36.72188268055243
}