{
  "best_params": {
    "batch_size": 64,
    "lstm_units": 32,
    "n_layers": 2,
    "random_state": 42,
    "window_size": 48
  },
  "validation_tau": 0.018750058859586693,
  "validation_cost": 1.4047177312483434
}