{
  "calibrated_tau": 0.007768241008461409,
  "calibration_cost": 5.817715251223699
}