{
  "calibrated_tau": 0.32415855200641536,
  "calibration_cost": 80.13201968867864
}