{
  "hash": "6c4f7913455461cbcbedfe08b194be1760f3f0cd106fca67d97d72b5a0ad1c33",
  "result": {
    "params": {
      "n_neighbors": 35
    },
    "tau": 1665.0150146484375,
    "cost": 100.0
  },
  "time_seconds": 1034.5452689214144,
  "params": {
    "n_neighbors": 35
  }
}