{
  "hash": "192aed34bb98fe529ad2e12360b3b34641d51e96fc811aef71a3a0c1ffca39e5",
  "result": {
    "params": {
      "max_samples": 0.5,
      "n_estimators": 100,
      "random_state": 42
    },
    "tau": 0.3438439761419635,
    "cost": 72.08004181814978
  },
  "time_seconds": 13.287561366567388,
  "params": {
    "max_samples": 0.5,
    "n_estimators": 100,
    "random_state": 42
  }
}