{
  "hash": "986706f337a5851d2536bbd350ad7eb66e177cb9ff36971b868888d3a33216cb",
  "result": {
    "params": {
      "max_samples": "auto",
      "n_estimators": 50,
      "random_state": 42
    },
    "tau": 0.332551322391032,
    "cost": 53.06588254076229
  },
  "time_seconds": 0.5701153200352564,
  "params": {
    "max_samples": "auto",
    "n_estimators": 50,
    "random_state": 42
  }
}