{
  "hash": "43e14cbfb46a205dd2a312ca6d06df141b8e2b177a771381c40d2e323d1a05f6",
  "result": {
    "params": {
      "max_samples": 0.75,
      "n_estimators": 300,
      "random_state": 42
    },
    "tau": 0.33815107656889726,
    "cost": 83.17434900301193
  },
  "time_seconds": 34.69607869593892,
  "params": {
    "max_samples": 0.75,
    "n_estimators": 300,
    "random_state": 42
  }
}