{
  "hash": "492a57063fb28f9efe7916a2aa24d76e55e1d559aff905de316a20b16eac64f9",
  "result": {
    "params": {
      "max_samples": 0.5,
      "n_estimators": 200,
      "random_state": 42
    },
    "tau": 0.3374411894222352,
    "cost": 84.32974951389684
  },
  "time_seconds": 27.365565376006998,
  "params": {
    "max_samples": 0.5,
    "n_estimators": 200,
    "random_state": 42
  }
}