{
  "hash": "4fe5c16e13f36f71df6fafa39ac5fdf468591fd4b151efba647abee80e7a70e0",
  "result": {
    "params": {
      "max_samples": 0.5,
      "n_estimators": 300,
      "random_state": 42
    },
    "tau": 0.33532507392075717,
    "cost": 83.03461817072706
  },
  "time_seconds": 40.728167654946446,
  "params": {
    "max_samples": 0.5,
    "n_estimators": 300,
    "random_state": 42
  }
}