{
  "hash": "e2e3e425172cf4a3a0e14a10329c98f1aa531a474daa223f1a33a3c919bed27d",
  "result": {
    "params": {
      "max_samples": 0.75,
      "n_estimators": 200,
      "random_state": 42
    },
    "tau": 0.3429744259793931,
    "cost": 84.26379198596972
  },
  "time_seconds": 30.597733948845416,
  "params": {
    "max_samples": 0.75,
    "n_estimators": 200,
    "random_state": 42
  }
}