{
  "best_params": {},
  "validation_tau": 2.8066623687744143,
  "validation_cost": 16.869447939303825
}