{
  "calibrated_tau": 2.299610645120795,
  "calibration_cost": 20.57716196772545
}