{
  "calibrated_tau": 0.3276043543071675,
  "calibration_cost": 63.83678966580354
}