{
  "best_params": {},
  "validation_tau": 2.425263929367066,
  "validation_cost": 17.52167083049436
}