{
  "calibrated_tau": 2.3630214344371456,
  "calibration_cost": 19.243151060487023
}