{
  "hash": "20f63dbc7280cee80a53e5222d632f90ea0d27fded3258cc067694bb450b8cb8",
  "result": {
    "params": {
      "batch_size": 64,
      "lstm_units": 64,
      "n_layers": 2,
      "random_state": 42,
      "window_size": 24
    },
    "tau": 0.09162678122520497,
    "cost": 1.16798200465134
  },
  "time_seconds": 3186.608099032077,
  "params": {
    "batch_size": 64,
    "lstm_units": 64,
    "n_layers": 2,
    "random_state": 42,
    "window_size": 24
  }
}