{
  "hash": "3ec7ee6163c3a4629c21efb037d4dd83dece8724b18fd2afea9b5b27f36fa531",
  "result": {
    "params": {
      "batch_size": 64,
      "lstm_units": 32,
      "n_layers": 2,
      "random_state": 42,
      "window_size": 24
    },
    "tau": 0.0682472214102745,
    "cost": 1.0694746273209044
  },
  "time_seconds": 2679.0989893221995,
  "params": {
    "batch_size": 64,
    "lstm_units": 32,
    "n_layers": 2,
    "random_state": 42,
    "window_size": 24
  }
}