{
  "hash": "a4d3fcd50aba35917e91b570f6fa4ce4618c7c3122685cd4756ce3eff1e9676c",
  "result": {
    "params": {
      "batch_size": 32,
      "lstm_units": 64,
      "n_layers": 1,
      "random_state": 42,
      "window_size": 24
    },
    "tau": 0.08178113698959405,
    "cost": 0.9894105760799116
  },
  "time_seconds": 2972.4826784241013,
  "params": {
    "batch_size": 32,
    "lstm_units": 64,
    "n_layers": 1,
    "random_state": 42,
    "window_size": 24
  }
}