{
  "calibrated_tau": 1.0573408692774147,
  "calibration_cost": 46.949431442343524
}