{
  "hash": "44136fa355b3678a1146ad16f7e8649e94fb4fc21fe77e8310c060f61caaff8a",
  "result": {
    "params": {},
    "tau": 2.604473400115968,
    "cost": 17.142618856990353
  },
  "time_seconds": 0.9081281760009006,
  "params": {}
}