{
  "calibrated_tau": -0.15268123720536037,
  "calibration_cost": 26.055775382422947
}