{
  "calibrated_tau": 1.1360012492748222,
  "calibration_cost": 42.457629249508486
}