{
  "calibrated_tau": 0.007719178070699926,
  "calibration_cost": 5.82657538743249
}