{
  "hash": "6e754e4a8f53813ab13c4923ec2c20f4f2bfb0cc53c9feefeaf320a8b0f80afb",
  "result": {
    "params": {
      "max_samples": 0.5,
      "n_estimators": 50,
      "random_state": 42
    },
    "tau": 0.3284711466042039,
    "cost": 85.67673186167983
  },
  "time_seconds": 4.147464215056971,
  "params": {
    "max_samples": 0.5,
    "n_estimators": 50,
    "random_state": 42
  }
}