{
  "hash": "e2e3e425172cf4a3a0e14a10329c98f1aa531a474daa223f1a33a3c919bed27d",
  "result": {
    "params": {
      "max_samples": 0.75,
      "n_estimators": 200,
      "random_state": 42
    },
    "tau": 0.3410064841150734,
    "cost": 85.78500895954859
  },
  "time_seconds": 19.467784149106592,
  "params": {
    "max_samples": 0.75,
    "n_estimators": 200,
    "random_state": 42
  }
}