{
  "best_params": {
    "batch_size": 32,
    "lstm_units": 32,
    "n_layers": 1,
    "random_state": 42,
    "window_size": 24
  },
  "validation_tau": 0.03138184398412701,
  "validation_cost": 4.4514293632412265
}