{
  "calibrated_tau": 0.007814517184489894,
  "calibration_cost": 9.101229448494923
}