{
  "hash": "6679556a15cf23a65e7093ad278ab35c6464f41167268017d4e270d4759e970b",
  "result": {
    "params": {
      "batch_size": 64,
      "lstm_units": 64,
      "n_layers": 1,
      "random_state": 42,
      "window_size": 48
    },
    "tau": 0.010506167449057073,
    "cost": 3.474533414755162
  },
  "time_seconds": 1591.3321629010607,
  "params": {
    "batch_size": 64,
    "lstm_units": 64,
    "n_layers": 1,
    "random_state": 42,
    "window_size": 48
  }
}