{
  "hash": "81b39d8dc44330f780340e558c0af7660dfb738c7ee232c69eea555cecf36cb2",
  "result": {
    "params": {
      "batch_size": 64,
      "lstm_units": 32,
      "n_layers": 1,
      "random_state": 42,
      "window_size": 48
    },
    "tau": 0.012913045659661206,
    "cost": 3.601055303232701
  },
  "time_seconds": 2607.880770690914,
  "params": {
    "batch_size": 64,
    "lstm_units": 32,
    "n_layers": 1,
    "random_state": 42,
    "window_size": 48
  }
}