{
  "calibrated_tau": 1.067401066452566,
  "calibration_cost": 38.25392319606254
}