{
  "best_params": {},
  "validation_tau": 2.4148376464843753,
  "validation_cost": 17.931807858278447
}