{
  "calibrated_tau": 2.36809419381498,
  "calibration_cost": 19.89242905942814
}