{
  "hash": "aadc53a36894be7fb7d51ae02e216389bb3cc0d78bd79dfec22b8450478bf3d8",
  "result": {
    "params": {
      "n_neighbors": 10
    },
    "tau": 4780.0869140625,
    "cost": 100.0
  },
  "time_seconds": 1020.5821142961504,
  "params": {
    "n_neighbors": 10
  }
}