{
  "hash": "192aed34bb98fe529ad2e12360b3b34641d51e96fc811aef71a3a0c1ffca39e5",
  "result": {
    "params": {
      "max_samples": 0.5,
      "n_estimators": 100,
      "random_state": 42
    },
    "tau": 0.32613274631822936,
    "cost": 91.11560627456967
  },
  "time_seconds": 8.716293550445698,
  "params": {
    "max_samples": 0.5,
    "n_estimators": 100,
    "random_state": 42
  }
}