{
  "hash": "986706f337a5851d2536bbd350ad7eb66e177cb9ff36971b868888d3a33216cb",
  "result": {
    "params": {
      "max_samples": "auto",
      "n_estimators": 50,
      "random_state": 42
    },
    "tau": 0.3167565472962611,
    "cost": 92.03904431128583
  },
  "time_seconds": 0.33681986609008163,
  "params": {
    "max_samples": "auto",
    "n_estimators": 50,
    "random_state": 42
  }
}