{
  "hash": "9ed41cd5681b368e09f26321e289d55cd75e47e8f9bb2e44ae1c46d2b3b50046",
  "result": {
    "params": {
      "max_samples": 0.75,
      "n_estimators": 100,
      "random_state": 42
    },
    "tau": 0.34019375713463007,
    "cost": 91.09843135758177
  },
  "time_seconds": 10.796829570666887,
  "params": {
    "max_samples": 0.75,
    "n_estimators": 100,
    "random_state": 42
  }
}