{
  "calibrated_tau": 1.2778536984414761,
  "calibration_cost": 31.604119932061522
}