{
  "best_params": {
    "batch_size": 32,
    "lstm_units": 64,
    "n_layers": 2,
    "random_state": 42,
    "window_size": 24
  },
  "validation_tau": 0.018446307256817812,
  "validation_cost": 3.645395892189051
}