{
  "calibrated_tau": 0.013521838282244392,
  "calibration_cost": 5.101874592562272
}