{
  "best_params": {
    "batch_size": 32,
    "lstm_units": 64,
    "n_layers": 1,
    "random_state": 42,
    "window_size": 24
  },
  "validation_tau": 0.010448423773050296,
  "validation_cost": 4.079415550003786
}