{
  "calibrated_tau": 0.019459301763863315,
  "calibration_cost": 4.81388512551931
}