{
  "best_params": {
    "batch_size": 64,
    "lstm_units": 128,
    "n_layers": 2,
    "random_state": 42,
    "window_size": 24
  },
  "validation_tau": 0.011794733814895153,
  "validation_cost": 3.153934964314339
}