{
  "calibrated_tau": 0.012458336592247363,
  "calibration_cost": 4.247172571671139
}