{
  "hash": "6ef4bf6cd22359bc5726075078852f90dfeedcd5f38b35d92c1a272d3a7dd606",
  "result": {
    "params": {
      "max_samples": "auto",
      "n_estimators": 300,
      "random_state": 42
    },
    "tau": 0.32186945625669755,
    "cost": 90.05847468857674
  },
  "time_seconds": 1.843966279993765,
  "params": {
    "max_samples": "auto",
    "n_estimators": 300,
    "random_state": 42
  }
}