{
  "hash": "192aed34bb98fe529ad2e12360b3b34641d51e96fc811aef71a3a0c1ffca39e5",
  "result": {
    "params": {
      "max_samples": 0.5,
      "n_estimators": 100,
      "random_state": 42
    },
    "tau": 0.3321282549100751,
    "cost": 83.66177101471219
  },
  "time_seconds": 8.481025365064852,
  "params": {
    "max_samples": 0.5,
    "n_estimators": 100,
    "random_state": 42
  }
}