{
  "hash": "492a57063fb28f9efe7916a2aa24d76e55e1d559aff905de316a20b16eac64f9",
  "result": {
    "params": {
      "max_samples": 0.5,
      "n_estimators": 200,
      "random_state": 42
    },
    "tau": 0.3330487226170832,
    "cost": 74.93303808009689
  },
  "time_seconds": 16.931955013773404,
  "params": {
    "max_samples": 0.5,
    "n_estimators": 200,
    "random_state": 42
  }
}