{
  "hash": "9ed41cd5681b368e09f26321e289d55cd75e47e8f9bb2e44ae1c46d2b3b50046",
  "result": {
    "params": {
      "max_samples": 0.75,
      "n_estimators": 100,
      "random_state": 42
    },
    "tau": 0.3310911680138821,
    "cost": 77.59100200276673
  },
  "time_seconds": 10.67709284904413,
  "params": {
    "max_samples": 0.75,
    "n_estimators": 100,
    "random_state": 42
  }
}