{
  "calibrated_tau": 0.5089924700020055,
  "calibration_cost": 26.265027819469076
}