{
  "hash": "c3e6223b1cb76dfbe96230de0794717451b77cc549e59fda37bc22c6619a4a84",
  "result": {
    "params": {
      "batch_size": 32,
      "lstm_units": 64,
      "n_layers": 2,
      "random_state": 42,
      "window_size": 24
    },
    "tau": 0.004157828912138934,
    "cost": 4.7211181770005295
  },
  "time_seconds": 4795.8529088099895,
  "params": {
    "batch_size": 32,
    "lstm_units": 64,
    "n_layers": 2,
    "random_state": 42,
    "window_size": 24
  }
}