{
  "hash": "44136fa355b3678a1146ad16f7e8649e94fb4fc21fe77e8310c060f61caaff8a",
  "result": {
    "params": {},
    "tau": 2.771465396881104,
    "cost": 20.09375828253379
  },
  "time_seconds": 1.6553738617803901,
  "params": {}
}