{
  "best_params": {
    "max_samples": 0.75,
    "n_estimators": 300,
    "random_state": 42
  },
  "validation_tau": 0.3366964878543092,
  "validation_cost": 84.51656563345915
}