{
  "calibrated_tau": 0.3298527837201433,
  "calibration_cost": 28.379287779303752
}