{
  "hash": "6e754e4a8f53813ab13c4923ec2c20f4f2bfb0cc53c9feefeaf320a8b0f80afb",
  "result": {
    "params": {
      "max_samples": 0.5,
      "n_estimators": 50,
      "random_state": 42
    },
    "tau": 0.3334917566340862,
    "cost": 87.03433711181506
  },
  "time_seconds": 4.393343555973843,
  "params": {
    "max_samples": 0.5,
    "n_estimators": 50,
    "random_state": 42
  }
}