{
  "hash": "23f407f72040bbceaa7b8c9a2b89a8881c84408a06c4601d1cfe44b737d9b53a",
  "result": {
    "params": {
      "batch_size": 32,
      "lstm_units": 128,
      "n_layers": 2,
      "random_state": 42,
      "window_size": 24
    },
    "tau": 0.009521448612213108,
    "cost": 3.155875391310987
  },
  "time_seconds": 10736.001129981887,
  "params": {
    "batch_size": 32,
    "lstm_units": 128,
    "n_layers": 2,
    "random_state": 42,
    "window_size": 24
  }
}