{
  "hash": "6b907588f5305afbdb35fcaf1c5f0f878f2d5b2e24024b04a084eac420c45c9f",
  "result": {
    "params": {
      "batch_size": 32,
      "lstm_units": 32,
      "n_layers": 2,
      "random_state": 42,
      "window_size": 24
    },
    "tau": 0.013024774938821874,
    "cost": 2.701572879285332
  },
  "time_seconds": 5996.683703806106,
  "params": {
    "batch_size": 32,
    "lstm_units": 32,
    "n_layers": 2,
    "random_state": 42,
    "window_size": 24
  }
}