{
  "hash": "6e9f5800e838e86b7a2d89107cbfc92c5972c7ea9c5770061526d0509e76a831",
  "result": {
    "params": {
      "batch_size": 64,
      "lstm_units": 128,
      "n_layers": 2,
      "random_state": 42,
      "window_size": 24
    },
    "tau": 0.011846247129142277,
    "cost": 2.7550202336412917
  },
  "time_seconds": 3861.4687467781187,
  "params": {
    "batch_size": 64,
    "lstm_units": 128,
    "n_layers": 2,
    "random_state": 42,
    "window_size": 24
  }
}