{
  "hash": "824dc7a6859acf58cca044d14cee70a96578be97cd58924b1cd34346f3bee01c",
  "result": {
    "params": {
      "batch_size": 64,
      "lstm_units": 32,
      "n_layers": 2,
      "random_state": 42,
      "window_size": 48
    },
    "tau": 0.011160861514508704,
    "cost": 2.88863861953119
  },
  "time_seconds": 3186.7861253529554,
  "params": {
    "batch_size": 64,
    "lstm_units": 32,
    "n_layers": 2,
    "random_state": 42,
    "window_size": 48
  }
}