{
  "hash": "8dafc0a439a9e85f3683a4dc1f8eac37ac1131bb14852af630ab167aacd3babf",
  "result": {
    "params": {
      "batch_size": 64,
      "lstm_units": 128,
      "n_layers": 2,
      "random_state": 42,
      "window_size": 48
    },
    "tau": 0.008679746650159359,
    "cost": 3.396388485912804
  },
  "time_seconds": 3777.3136453749903,
  "params": {
    "batch_size": 64,
    "lstm_units": 128,
    "n_layers": 2,
    "random_state": 42,
    "window_size": 48
  }
}