{
  "hash": "a4d3fcd50aba35917e91b570f6fa4ce4618c7c3122685cd4756ce3eff1e9676c",
  "result": {
    "params": {
      "batch_size": 32,
      "lstm_units": 64,
      "n_layers": 1,
      "random_state": 42,
      "window_size": 24
    },
    "tau": 0.007744900509715069,
    "cost": 3.663625257692601
  },
  "time_seconds": 4006.9981978569995,
  "params": {
    "batch_size": 32,
    "lstm_units": 64,
    "n_layers": 1,
    "random_state": 42,
    "window_size": 24
  }
}