{
  "hash": "6c4f7913455461cbcbedfe08b194be1760f3f0cd106fca67d97d72b5a0ad1c33",
  "result": {
    "params": {
      "n_neighbors": 35
    },
    "tau": 829.8389282226569,
    "cost": 98.15133845746091
  },
  "time_seconds": 738.1602989410749,
  "params": {
    "n_neighbors": 35
  }
}