{
  "hash": "937d721bf2e8dfba82cd24ff16cc8b61f7904b1d51195864dc2e3209c1eb5d93",
  "result": {
    "params": {
      "n_neighbors": 75
    },
    "tau": 355.77984619140625,
    "cost": 98.57540418764908
  },
  "time_seconds": 355.04092184104957,
  "params": {
    "n_neighbors": 75
  }
}