{
  "hash": "aadc53a36894be7fb7d51ae02e216389bb3cc0d78bd79dfec22b8450478bf3d8",
  "result": {
    "params": {
      "n_neighbors": 10
    },
    "tau": 3826.699121093759,
    "cost": 97.2767028889478
  },
  "time_seconds": 1032.552789960755,
  "params": {
    "n_neighbors": 10
  }
}