{
  "hash": "c9b411097aebb5271293615984c398a75a55dc82befa43449be92ced66f9c722",
  "result": {
    "params": {
      "n_neighbors": 20
    },
    "tau": 1710.029052734375,
    "cost": 97.48873575404188
  },
  "time_seconds": 867.2966812392697,
  "params": {
    "n_neighbors": 20
  }
}