{
  "calibrated_tau": 0.821664109478662,
  "calibration_cost": 26.020299874168067
}