{
  "hash": "44136fa355b3678a1146ad16f7e8649e94fb4fc21fe77e8310c060f61caaff8a",
  "result": {
    "params": {},
    "tau": 1.3950753450393685,
    "cost": 27.782680050379753
  },
  "time_seconds": 1.6249256453011185,
  "params": {}
}