{
  "calibrated_tau": 1.0473088344924344,
  "calibration_cost": 24.86577509194539
}