{
  "hash": "7acb5682ed9020c6d215d84d68ae176779f980def17e589027a2ba49555eb544",
  "result": {
    "params": {
      "batch_size": 32,
      "lstm_units": 128,
      "n_layers": 2,
      "random_state": 42,
      "window_size": 48
    },
    "tau": 0.005802950263023375,
    "cost": 8.790471143412319
  },
  "time_seconds": 13543.374369036028,
  "params": {
    "batch_size": 32,
    "lstm_units": 128,
    "n_layers": 2,
    "random_state": 42,
    "window_size": 48
  }
}