{
  "hash": "9c843b06c334411a5117dc690412d4baac64b3effabea5a8135a214e6713befa",
  "result": {
    "params": {
      "batch_size": 32,
      "lstm_units": 64,
      "n_layers": 2,
      "random_state": 42,
      "window_size": 48
    },
    "tau": 0.0037757717072963706,
    "cost": 8.18646377469907
  },
  "time_seconds": 4737.697515357024,
  "params": {
    "batch_size": 32,
    "lstm_units": 64,
    "n_layers": 2,
    "random_state": 42,
    "window_size": 48
  }
}