{
  "hash": "d1b4269af63f65d2d3e6c0e66edeafe09bcae973dd71e2c1719ba14fa48bb850",
  "result": {
    "params": {
      "batch_size": 64,
      "lstm_units": 128,
      "n_layers": 1,
      "random_state": 42,
      "window_size": 48
    },
    "tau": 0.013652688264846806,
    "cost": 9.475415946004178
  },
  "time_seconds": 3029.9879053650657,
  "params": {
    "batch_size": 64,
    "lstm_units": 128,
    "n_layers": 1,
    "random_state": 42,
    "window_size": 48
  }
}