{
  "hash": "df5aec81741c6458593537ecd2d5c95e3a74fa1a64e74189ac4fa6ab75488e68",
  "result": {
    "params": {
      "batch_size": 32,
      "lstm_units": 16,
      "n_layers": 1,
      "random_state": 42,
      "window_size": 24
    },
    "tau": 0.009084399789571762,
    "cost": 6.802895332307095
  },
  "time_seconds": 954.1276716349821,
  "params": {
    "batch_size": 32,
    "lstm_units": 16,
    "n_layers": 1,
    "random_state": 42,
    "window_size": 24
  }
}