{
  "hash": "ead0b0b3cdd62356e9633809e174586f778232c09f886613b354de6b883754db",
  "result": {
    "params": {
      "batch_size": 32,
      "lstm_units": 32,
      "n_layers": 1,
      "random_state": 42,
      "window_size": 24
    },
    "tau": 0.003870159108191737,
    "cost": 7.206071617836324
  },
  "time_seconds": 953.7046902379079,
  "params": {
    "batch_size": 32,
    "lstm_units": 32,
    "n_layers": 1,
    "random_state": 42,
    "window_size": 24
  }
}