{
  "hash": "7acb5682ed9020c6d215d84d68ae176779f980def17e589027a2ba49555eb544",
  "result": {
    "params": {
      "batch_size": 32,
      "lstm_units": 128,
      "n_layers": 2,
      "random_state": 42,
      "window_size": 48
    },
    "tau": 0.006616185232996946,
    "cost": 5.876111598793939
  },
  "time_seconds": 17804.478979868007,
  "params": {
    "batch_size": 32,
    "lstm_units": 128,
    "n_layers": 2,
    "random_state": 42,
    "window_size": 48
  }
}