{
  "hash": "eacf0b5302fcf7830386d7037e9baebbd3a0d3ff2832f61e593f729cc8a37739",
  "result": {
    "params": {
      "batch_size": 32,
      "lstm_units": 32,
      "n_layers": 2,
      "random_state": 42,
      "window_size": 48
    },
    "tau": 0.0072981224395334875,
    "cost": 4.51080111446128
  },
  "time_seconds": 2809.4843027149836,
  "params": {
    "batch_size": 32,
    "lstm_units": 32,
    "n_layers": 2,
    "random_state": 42,
    "window_size": 48
  }
}