{
  "hash": "11d052bfde2c607a17fea73bbffc31e774ef6f4f722e6313f0f41ff378237d11",
  "result": {
    "params": {
      "batch_size": 32,
      "lstm_units": 64,
      "n_layers": 1,
      "random_state": 42,
      "window_size": 48
    },
    "tau": 0.01545295026153326,
    "cost": 2.992313808640339
  },
  "time_seconds": 4707.111821935017,
  "params": {
    "batch_size": 32,
    "lstm_units": 64,
    "n_layers": 1,
    "random_state": 42,
    "window_size": 48
  }
}