{
  "hash": "3ee3f3ca5599173808a9bc2649228e2557fdb136870f7f2a2c49b46e17345abf",
  "result": {
    "params": {
      "batch_size": 64,
      "lstm_units": 64,
      "n_layers": 2,
      "random_state": 42,
      "window_size": 48
    },
    "tau": 0.012639486417174372,
    "cost": 1.9347998939835676
  },
  "time_seconds": 3389.9734837339493,
  "params": {
    "batch_size": 64,
    "lstm_units": 64,
    "n_layers": 2,
    "random_state": 42,
    "window_size": 48
  }
}