{
  "hash": "52ccd9a52637adfae8546dae9c5aab463ba015c87f7a5bfa371ab1d945bd2da7",
  "result": {
    "params": {
      "batch_size": 32,
      "lstm_units": 16,
      "n_layers": 1,
      "random_state": 42,
      "window_size": 48
    },
    "tau": 0.010586070455610752,
    "cost": 2.3323615160349855
  },
  "time_seconds": 2161.8339179540635,
  "params": {
    "batch_size": 32,
    "lstm_units": 16,
    "n_layers": 1,
    "random_state": 42,
    "window_size": 48
  }
}