{
  "hash": "9094fd895347e636f3d36c2b8c1cc27d5b34f61fa902a0df45bc9d154a2bee62",
  "result": {
    "params": {
      "batch_size": 32,
      "lstm_units": 128,
      "n_layers": 1,
      "random_state": 42,
      "window_size": 48
    },
    "tau": 0.017470070347189906,
    "cost": 1.6962629207527165
  },
  "time_seconds": 3224.018445891037,
  "params": {
    "batch_size": 32,
    "lstm_units": 128,
    "n_layers": 1,
    "random_state": 42,
    "window_size": 48
  }
}