{
  "calibrated_tau": 1.3996859848219243,
  "calibration_cost": 23.868419223123805
}