{
  "calibrated_tau": 1.1233302179009026,
  "calibration_cost": 42.123458159053314
}