{
  "hash": "11d052bfde2c607a17fea73bbffc31e774ef6f4f722e6313f0f41ff378237d11",
  "result": {
    "params": {
      "batch_size": 32,
      "lstm_units": 64,
      "n_layers": 1,
      "random_state": 42,
      "window_size": 48
    },
    "tau": 0.04125145077705383,
    "cost": 1.2387357540418764
  },
  "time_seconds": 5945.915333463927,
  "params": {
    "batch_size": 32,
    "lstm_units": 64,
    "n_layers": 1,
    "random_state": 42,
    "window_size": 48
  }
}