{
  "hash": "49807981cf30c0979f54885224bb358fa8e7117f921fe2e6864e397fddcb1484",
  "result": {
    "params": {
      "batch_size": 64,
      "lstm_units": 16,
      "n_layers": 2,
      "random_state": 42,
      "window_size": 24
    },
    "tau": 0.03315925449132922,
    "cost": 1.9278425655976676
  },
  "time_seconds": 1355.4541211909964,
  "params": {
    "batch_size": 64,
    "lstm_units": 16,
    "n_layers": 2,
    "random_state": 42,
    "window_size": 24
  }
}