{
  "hash": "d1b4269af63f65d2d3e6c0e66edeafe09bcae973dd71e2c1719ba14fa48bb850",
  "result": {
    "params": {
      "batch_size": 64,
      "lstm_units": 128,
      "n_layers": 1,
      "random_state": 42,
      "window_size": 48
    },
    "tau": 0.03284483775496483,
    "cost": 1.874834349324145
  },
  "time_seconds": 4842.695460724935,
  "params": {
    "batch_size": 64,
    "lstm_units": 128,
    "n_layers": 1,
    "random_state": 42,
    "window_size": 48
  }
}