{
  "calibrated_tau": 0.3286901814896991,
  "calibration_cost": 35.09605055331485
}