{
  "best_params": {
    "batch_size": 32,
    "lstm_units": 128,
    "n_layers": 1,
    "random_state": 42,
    "window_size": 24
  },
  "validation_tau": 0.005206759646534913,
  "validation_cost": 3.7261936567306595
}