{
  "calibrated_tau": 0.006560256125198461,
  "calibration_cost": 4.643940462311551
}