{
  "best_params": {},
  "validation_tau": 2.4404753208160406,
  "validation_cost": 21.31862258532488
}