{
  "calibrated_tau": 2.3087779695337463,
  "calibration_cost": 21.912395258556348
}