{
  "calibrated_tau": 0.012557273391972889,
  "calibration_cost": 10.044905146289107
}