{
  "hash": "81f86ea8d7d4de74f754f01caa18bae4a9ef926271cdf05a625d3d97796307d3",
  "result": {
    "params": {
      "max_samples": "auto",
      "n_estimators": 100,
      "random_state": 42
    },
    "tau": 0.3226620652574485,
    "cost": 84.15982667786515
  },
  "time_seconds": 0.6179099548608065,
  "params": {
    "max_samples": "auto",
    "n_estimators": 100,
    "random_state": 42
  }
}