{
  "hash": "ac51c8f402909af096e2fab039d6a34b4b9dc9fc3a521664ea98f3c10d6781cb",
  "result": {
    "params": {
      "max_samples": 0.75,
      "n_estimators": 50,
      "random_state": 42
    },
    "tau": 0.34074579745359784,
    "cost": 74.98511109414369
  },
  "time_seconds": 5.649848453234881,
  "params": {
    "max_samples": 0.75,
    "n_estimators": 50,
    "random_state": 42
  }
}