{
  "calibrated_tau": 0.00798981004027701,
  "calibration_cost": 4.642016969188317
}