{
  "best_params": {},
  "validation_tau": 2.493652248382568,
  "validation_cost": 18.806781477099403
}