{
  "calibrated_tau": 2.2902061842908763,
  "calibration_cost": 20.691582075097024
}