{
  "calibrated_tau": -4.887088317206809,
  "calibration_cost": 22.463246188174555
}