{
  "calibrated_tau": -4.501956718700758,
  "calibration_cost": 22.88493040943652
}