{
  "hash": "20f63dbc7280cee80a53e5222d632f90ea0d27fded3258cc067694bb450b8cb8",
  "result": {
    "params": {
      "batch_size": 64,
      "lstm_units": 64,
      "n_layers": 2,
      "random_state": 42,
      "window_size": 24
    },
    "tau": 0.012212180718779518,
    "cost": 2.769016697588126
  },
  "time_seconds": 1491.3968338120612,
  "params": {
    "batch_size": 64,
    "lstm_units": 64,
    "n_layers": 2,
    "random_state": 42,
    "window_size": 24
  }
}