{
  "hash": "8dafc0a439a9e85f3683a4dc1f8eac37ac1131bb14852af630ab167aacd3babf",
  "result": {
    "params": {
      "batch_size": 64,
      "lstm_units": 128,
      "n_layers": 2,
      "random_state": 42,
      "window_size": 48
    },
    "tau": 0.012491238303482513,
    "cost": 2.5039756162205142
  },
  "time_seconds": 5120.7793783310335,
  "params": {
    "batch_size": 64,
    "lstm_units": 128,
    "n_layers": 2,
    "random_state": 42,
    "window_size": 48
  }
}