{
  "hash": "a4d3fcd50aba35917e91b570f6fa4ce4618c7c3122685cd4756ce3eff1e9676c",
  "result": {
    "params": {
      "batch_size": 32,
      "lstm_units": 64,
      "n_layers": 1,
      "random_state": 42,
      "window_size": 24
    },
    "tau": 0.012838655523955798,
    "cost": 2.609992048767559
  },
  "time_seconds": 2878.208895782911,
  "params": {
    "batch_size": 32,
    "lstm_units": 64,
    "n_layers": 1,
    "random_state": 42,
    "window_size": 24
  }
}