{
  "hash": "c5d774d3ba1d5b37ddefa7d003ba6acd9fe758d16c989dc74f394b2e49b14d2f",
  "result": {
    "params": {
      "batch_size": 32,
      "lstm_units": 16,
      "n_layers": 2,
      "random_state": 42,
      "window_size": 24
    },
    "tau": 0.011694915778934951,
    "cost": 2.4844288364696525
  },
  "time_seconds": 1717.0616114279546,
  "params": {
    "batch_size": 32,
    "lstm_units": 16,
    "n_layers": 2,
    "random_state": 42,
    "window_size": 24
  }
}