{
  "best_params": {
    "batch_size": 32,
    "lstm_units": 64,
    "n_layers": 1,
    "random_state": 42,
    "window_size": 48
  },
  "validation_tau": 0.04125145077705383,
  "validation_cost": 1.2387357540418764
}