{
  "calibrated_tau": 0.010064337436448448,
  "calibration_cost": 4.704714376725419
}