{
  "calibrated_tau": -3.4709812294490425,
  "calibration_cost": 22.491942297102632
}