{
  "calibrated_tau": 1.1310633490784,
  "calibration_cost": 42.54670181331937
}