{
  "calibrated_tau": 0.3285392300681107,
  "calibration_cost": 35.74578771131133
}