{
  "best_params": {},
  "validation_tau": 2.771465396881104,
  "validation_cost": 20.09375828253379
}