{
  "calibrated_tau": 2.2191614049853707,
  "calibration_cost": 20.92566456813458
}