{
  "best_params": {},
  "validation_tau": 1.2165159940719605,
  "validation_cost": 30.273162237868117
}