{
  "calibrated_tau": 1.4382810000217325,
  "calibration_cost": 24.342176014325428
}