{
  "best_params": {},
  "validation_tau": 1.3950753450393685,
  "validation_cost": 27.782680050379753
}