{
  "calibrated_tau": 1.437682852118906,
  "calibration_cost": 28.731485271599883
}