{
  "best_params": {},
  "validation_tau": 1.720882439613339,
  "validation_cost": 17.950932174310875
}