{
  "calibrated_tau": 1.5076376698233869,
  "calibration_cost": 27.060055507560467
}