{
  "hash": "9c843b06c334411a5117dc690412d4baac64b3effabea5a8135a214e6713befa",
  "result": {
    "params": {
      "batch_size": 32,
      "lstm_units": 64,
      "n_layers": 2,
      "random_state": 42,
      "window_size": 48
    },
    "tau": 0.04804829582571976,
    "cost": 1.328110107133326
  },
  "time_seconds": 6702.713626660086,
  "params": {
    "batch_size": 32,
    "lstm_units": 64,
    "n_layers": 2,
    "random_state": 42,
    "window_size": 48
  }
}