{
  "hash": "eacf0b5302fcf7830386d7037e9baebbd3a0d3ff2832f61e593f729cc8a37739",
  "result": {
    "params": {
      "batch_size": 32,
      "lstm_units": 32,
      "n_layers": 2,
      "random_state": 42,
      "window_size": 48
    },
    "tau": 0.05332533270120621,
    "cost": 1.221358038812002
  },
  "time_seconds": 6126.992359438096,
  "params": {
    "batch_size": 32,
    "lstm_units": 32,
    "n_layers": 2,
    "random_state": 42,
    "window_size": 48
  }
}