{
  "best_params": {},
  "validation_tau": 1.6275158882141112,
  "validation_cost": 20.034401432049748
}