{
  "calibrated_tau": 1.454245155507867,
  "calibration_cost": 29.196798107972892
}