{
  "best_params": {
    "batch_size": 32,
    "lstm_units": 64,
    "n_layers": 1,
    "random_state": 42,
    "window_size": 24
  },
  "validation_tau": 0.08178113698959405,
  "validation_cost": 0.9894105760799116
}