{
  "calibrated_tau": 0.014528831442573399,
  "calibration_cost": 3.9239508964135874
}