{
  "calibrated_tau": 0.32665879541252485,
  "calibration_cost": 86.05198526401966
}