{
  "best_params": {},
  "validation_tau": 2.4210517406463627,
  "validation_cost": 21.010137821362314
}