{
  "calibrated_tau": 2.1185469420269247,
  "calibration_cost": 21.60493737598633
}