{
  "calibrated_tau": 0.3316454733752619,
  "calibration_cost": 40.973673063288686
}