{
  "hash": "b26753328344c54c3694709edf952b9defa188e703174626d692077efacb4ecb",
  "result": {
    "params": {
      "max_samples": "auto",
      "n_estimators": 200,
      "random_state": 42
    },
    "tau": 0.31923441967050475,
    "cost": 88.02527736474894
  },
  "time_seconds": 1.306501837214455,
  "params": {
    "max_samples": "auto",
    "n_estimators": 200,
    "random_state": 42
  }
}