{
  "calibrated_tau": 1.228845888195616,
  "calibration_cost": 35.6517959817786
}