{
  "calibrated_tau": 0.3664607883317828,
  "calibration_cost": 24.239929084575675
}