{
  "best_params": {},
  "validation_tau": 2.047539186477661,
  "validation_cost": 18.94173886492882
}