{
  "calibrated_tau": 2.120742153880572,
  "calibration_cost": 20.9833264452051
}