{
  "hash": "492a57063fb28f9efe7916a2aa24d76e55e1d559aff905de316a20b16eac64f9",
  "result": {
    "params": {
      "max_samples": 0.5,
      "n_estimators": 200,
      "random_state": 42
    },
    "tau": 0.33302359598542763,
    "cost": 77.25654225654226
  },
  "time_seconds": 17.13165224576369,
  "params": {
    "max_samples": 0.5,
    "n_estimators": 200,
    "random_state": 42
  }
}