{
  "hash": "ac51c8f402909af096e2fab039d6a34b4b9dc9fc3a521664ea98f3c10d6781cb",
  "result": {
    "params": {
      "max_samples": 0.75,
      "n_estimators": 50,
      "random_state": 42
    },
    "tau": 0.33017463262111985,
    "cost": 86.93327781563076
  },
  "time_seconds": 5.466460708994418,
  "params": {
    "max_samples": 0.75,
    "n_estimators": 50,
    "random_state": 42
  }
}