{
  "calibrated_tau": 1.1218285050054992,
  "calibration_cost": 41.90936594824701
}