{
  "calibrated_tau": 0.03314720341384446,
  "calibration_cost": 24.26462606691833
}