{
  "calibrated_tau": 1.1001315107059462,
  "calibration_cost": 26.70370314190658
}