{
  "best_params": {
    "n_neighbors": 10
  },
  "validation_tau": 3826.699121093759,
  "validation_cost": 97.2767028889478
}