{
  "calibrated_tau": 1.1403891727177784,
  "calibration_cost": 44.172791064660586
}