{
  "calibrated_tau": 1.1189828395843506,
  "calibration_cost": 42.661180590471034
}