{
  "hash": "937d721bf2e8dfba82cd24ff16cc8b61f7904b1d51195864dc2e3209c1eb5d93",
  "result": {
    "params": {
      "n_neighbors": 75
    },
    "tau": 252.67171020507823,
    "cost": 94.7807335597878
  },
  "time_seconds": 296.53981250792276,
  "params": {
    "n_neighbors": 75
  }
}