{
  "hash": "aadc53a36894be7fb7d51ae02e216389bb3cc0d78bd79dfec22b8450478bf3d8",
  "result": {
    "params": {
      "n_neighbors": 10
    },
    "tau": 2604.2578125000127,
    "cost": 93.68535552078166
  },
  "time_seconds": 795.1336679999949,
  "params": {
    "n_neighbors": 10
  }
}