{
  "hash": "d878c08bc82d167a0fb10f4915e8b7dee74f24569d80a49db3a58e8248195d76",
  "result": {
    "params": {
      "n_neighbors": 50
    },
    "tau": 346.2337158203125,
    "cost": 96.7577573375062
  },
  "time_seconds": 983.6500318261096,
  "params": {
    "n_neighbors": 50
  }
}