{
  "hash": "44136fa355b3678a1146ad16f7e8649e94fb4fc21fe77e8310c060f61caaff8a",
  "result": {
    "params": {},
    "tau": 2.047539186477661,
    "cost": 18.94173886492882
  },
  "time_seconds": 1.3019820239896944,
  "params": {}
}