{
  "hash": "6c4f7913455461cbcbedfe08b194be1760f3f0cd106fca67d97d72b5a0ad1c33",
  "result": {
    "params": {
      "n_neighbors": 35
    },
    "tau": 2446.302734375,
    "cost": 100.0
  },
  "time_seconds": 746.3961947254138,
  "params": {
    "n_neighbors": 35
  }
}