{
  "hash": "937d721bf2e8dfba82cd24ff16cc8b61f7904b1d51195864dc2e3209c1eb5d93",
  "result": {
    "params": {
      "n_neighbors": 75
    },
    "tau": 358.87595214843816,
    "cost": 99.04679210717148
  },
  "time_seconds": 330.7882143277675,
  "params": {
    "n_neighbors": 75
  }
}