{
  "hash": "d878c08bc82d167a0fb10f4915e8b7dee74f24569d80a49db3a58e8248195d76",
  "result": {
    "params": {
      "n_neighbors": 50
    },
    "tau": 587.738037109375,
    "cost": 98.59261096904699
  },
  "time_seconds": 931.5352898432175,
  "params": {
    "n_neighbors": 50
  }
}