{
  "best_params": {
    "max_samples": 0.75,
    "n_estimators": 300,
    "random_state": 42
  },
  "validation_tau": 0.3380840050185523,
  "validation_cost": 84.2026001753784
}