{
  "calibrated_tau": 0.3302996756603193,
  "calibration_cost": 30.89559576286832
}