{
  "best_params": {
    "max_samples": "auto",
    "n_estimators": 50,
    "random_state": 42
  },
  "validation_tau": 0.3185480092673168,
  "validation_cost": 42.92972594443183
}