{
  "calibrated_tau": 0.3232188912442573,
  "calibration_cost": 88.64030558103222
}