{
  "hash": "c9b411097aebb5271293615984c398a75a55dc82befa43449be92ced66f9c722",
  "result": {
    "params": {
      "n_neighbors": 20
    },
    "tau": 3144.9609375,
    "cost": 100.0
  },
  "time_seconds": 958.906541065895,
  "params": {
    "n_neighbors": 20
  }
}