{
  "calibrated_tau": -4.633734749034033,
  "calibration_cost": 23.61348516890513
}