{
  "hash": "52ccd9a52637adfae8546dae9c5aab463ba015c87f7a5bfa371ab1d945bd2da7",
  "result": {
    "params": {
      "batch_size": 32,
      "lstm_units": 16,
      "n_layers": 1,
      "random_state": 42,
      "window_size": 48
    },
    "tau": 0.07429179549217224,
    "cost": 4.422825131002575
  },
  "time_seconds": 2644.3505527961534,
  "params": {
    "batch_size": 32,
    "lstm_units": 16,
    "n_layers": 1,
    "random_state": 42,
    "window_size": 48
  }
}