{
  "hash": "c3e6223b1cb76dfbe96230de0794717451b77cc549e59fda37bc22c6619a4a84",
  "result": {
    "params": {
      "batch_size": 32,
      "lstm_units": 64,
      "n_layers": 2,
      "random_state": 42,
      "window_size": 24
    },
    "tau": 0.018446307256817812,
    "cost": 3.645395892189051
  },
  "time_seconds": 5188.515462040086,
  "params": {
    "batch_size": 32,
    "lstm_units": 64,
    "n_layers": 2,
    "random_state": 42,
    "window_size": 24
  }
}