{
  "hash": "ead0b0b3cdd62356e9633809e174586f778232c09f886613b354de6b883754db",
  "result": {
    "params": {
      "batch_size": 32,
      "lstm_units": 32,
      "n_layers": 1,
      "random_state": 42,
      "window_size": 24
    },
    "tau": 0.07161605358123779,
    "cost": 4.3693777766466155
  },
  "time_seconds": 1993.9895914950175,
  "params": {
    "batch_size": 32,
    "lstm_units": 32,
    "n_layers": 1,
    "random_state": 42,
    "window_size": 24
  }
}