{
  "calibrated_tau": 0.33155537466245477,
  "calibration_cost": 41.78179575079129
}