{
  "hash": "6c4f7913455461cbcbedfe08b194be1760f3f0cd106fca67d97d72b5a0ad1c33",
  "result": {
    "params": {
      "n_neighbors": 35
    },
    "tau": 1867.0057373046875,
    "cost": 100.0
  },
  "time_seconds": 1025.6446811018977,
  "params": {
    "n_neighbors": 35
  }
}