{
  "hash": "c9b411097aebb5271293615984c398a75a55dc82befa43449be92ced66f9c722",
  "result": {
    "params": {
      "n_neighbors": 20
    },
    "tau": 2933.8798828125,
    "cost": 100.0
  },
  "time_seconds": 863.1482501029968,
  "params": {
    "n_neighbors": 20
  }
}