{
  "calibrated_tau": 2.1428585591771245,
  "calibration_cost": 24.004611759595765
}