{
  "calibrated_tau": 0.007332472238840165,
  "calibration_cost": 4.684045913767005
}