{
  "best_params": {
    "max_samples": 0.75,
    "n_estimators": 300,
    "random_state": 42
  },
  "validation_tau": 0.33631849169867556,
  "validation_cost": 70.16962629207528
}