{
  "calibrated_tau": 0.3301085840908604,
  "calibration_cost": 25.504921602075985
}