{
  "calibrated_tau": 0.009272477363772465,
  "calibration_cost": 3.8835283222175296
}