{
  "hash": "ac51c8f402909af096e2fab039d6a34b4b9dc9fc3a521664ea98f3c10d6781cb",
  "result": {
    "params": {
      "max_samples": 0.75,
      "n_estimators": 50,
      "random_state": 42
    },
    "tau": 0.32837715356668545,
    "cost": 81.27392745039803
  },
  "time_seconds": 6.119392385822721,
  "params": {
    "max_samples": 0.75,
    "n_estimators": 50,
    "random_state": 42
  }
}