{
  "hash": "b26753328344c54c3694709edf952b9defa188e703174626d692077efacb4ecb",
  "result": {
    "params": {
      "max_samples": "auto",
      "n_estimators": 200,
      "random_state": 42
    },
    "tau": 0.3223831371256154,
    "cost": 83.33030509501097
  },
  "time_seconds": 1.2731473931344226,
  "params": {
    "max_samples": "auto",
    "n_estimators": 200,
    "random_state": 42
  }
}