{
  "calibrated_tau": 1.1194551706314086,
  "calibration_cost": 45.276131324647665
}