{
  "best_params": {},
  "validation_tau": 2.604473400115968,
  "validation_cost": 17.142618856990353
}