{
  "calibrated_tau": 2.059454323547055,
  "calibration_cost": 20.895001180395816
}