{
  "best_params": {
    "batch_size": 64,
    "lstm_units": 16,
    "n_layers": 1,
    "random_state": 42,
    "window_size": 48
  },
  "validation_tau": 0.013409344293177129,
  "validation_cost": 2.18592631857938
}