{
  "calibrated_tau": 0.007124610880220479,
  "calibration_cost": 4.446485453387131
}