{
  "calibrated_tau": 1.2877080729513457,
  "calibration_cost": 31.363372063626898
}