{
  "best_params": {
    "batch_size": 32,
    "lstm_units": 128,
    "n_layers": 1,
    "random_state": 42,
    "window_size": 24
  },
  "validation_tau": 0.004874995909631252,
  "validation_cost": 3.496479672950261
}