{
  "calibrated_tau": 0.0069268794466901505,
  "calibration_cost": 4.261913605045138
}