{
  "hash": "44136fa355b3678a1146ad16f7e8649e94fb4fc21fe77e8310c060f61caaff8a",
  "result": {
    "params": {},
    "tau": 1.6275158882141112,
    "cost": 20.034401432049748
  },
  "time_seconds": 1.6472051137825474,
  "params": {}
}