{
  "best_params": {
    "max_samples": "auto",
    "n_estimators": 100,
    "random_state": 42
  },
  "validation_tau": 0.31846588069161447,
  "validation_cost": 75.19226095161844
}