{
  "calibrated_tau": 0.3256438835476528,
  "calibration_cost": 68.90812553928625
}