{
  "hash": "11d052bfde2c607a17fea73bbffc31e774ef6f4f722e6313f0f41ff378237d11",
  "result": {
    "params": {
      "batch_size": 32,
      "lstm_units": 64,
      "n_layers": 1,
      "random_state": 42,
      "window_size": 48
    },
    "tau": 0.01046875603497027,
    "cost": 4.7211181770005295
  },
  "time_seconds": 2480.2915448649437,
  "params": {
    "batch_size": 32,
    "lstm_units": 64,
    "n_layers": 1,
    "random_state": 42,
    "window_size": 48
  }
}