{
  "hash": "4472f595c7bd7b2bf919650d2a9babac18c0fafc4b4e4fcebff3f512709f50f5",
  "result": {
    "params": {
      "batch_size": 64,
      "lstm_units": 16,
      "n_layers": 1,
      "random_state": 42,
      "window_size": 48
    },
    "tau": 0.00960828233510256,
    "cost": 5.867401014459838
  },
  "time_seconds": 1760.1059409647714,
  "params": {
    "batch_size": 64,
    "lstm_units": 16,
    "n_layers": 1,
    "random_state": 42,
    "window_size": 48
  }
}