{
  "hash": "49807981cf30c0979f54885224bb358fa8e7117f921fe2e6864e397fddcb1484",
  "result": {
    "params": {
      "batch_size": 64,
      "lstm_units": 16,
      "n_layers": 2,
      "random_state": 42,
      "window_size": 24
    },
    "tau": 0.012548352405428858,
    "cost": 7.115129835718071
  },
  "time_seconds": 2238.7865984200616,
  "params": {
    "batch_size": 64,
    "lstm_units": 16,
    "n_layers": 2,
    "random_state": 42,
    "window_size": 24
  }
}