{
  "hash": "6679556a15cf23a65e7093ad278ab35c6464f41167268017d4e270d4759e970b",
  "result": {
    "params": {
      "batch_size": 64,
      "lstm_units": 64,
      "n_layers": 1,
      "random_state": 42,
      "window_size": 48
    },
    "tau": 0.009923835098743432,
    "cost": 5.006813536225301
  },
  "time_seconds": 2332.5337273497717,
  "params": {
    "batch_size": 64,
    "lstm_units": 64,
    "n_layers": 1,
    "random_state": 42,
    "window_size": 48
  }
}