{
  "hash": "997be413370680fe53c7f08e71cfd63d79ac7ff6cd7f4855297dcb1695b65f2c",
  "result": {
    "params": {
      "batch_size": 64,
      "lstm_units": 16,
      "n_layers": 1,
      "random_state": 42,
      "window_size": 24
    },
    "tau": 0.009182913973927502,
    "cost": 5.774093421152245
  },
  "time_seconds": 1410.4508064310066,
  "params": {
    "batch_size": 64,
    "lstm_units": 16,
    "n_layers": 1,
    "random_state": 42,
    "window_size": 24
  }
}