{
  "hash": "eacf0b5302fcf7830386d7037e9baebbd3a0d3ff2832f61e593f729cc8a37739",
  "result": {
    "params": {
      "batch_size": 32,
      "lstm_units": 32,
      "n_layers": 2,
      "random_state": 42,
      "window_size": 48
    },
    "tau": 0.0075279209762811735,
    "cost": 6.199182375652963
  },
  "time_seconds": 4585.2103990850155,
  "params": {
    "batch_size": 32,
    "lstm_units": 32,
    "n_layers": 2,
    "random_state": 42,
    "window_size": 48
  }
}