{
  "calibrated_tau": 1.2780829485016632,
  "calibration_cost": 35.830462285195296
}